{
  "version": "0.1.1",
  "name": "veintree_contract",
  "instructions": [
    {
      "name": "registerProof",
      "accounts": [
        {
          "name": "state",
          "isMut": true,
          "isSigner": false
        },
        {
          "name": "payer",
          "isMut": true,
          "isSigner": true
        },
        {
          "name": "systemProgram",
          "isMut": false,
          "isSigner": false
        }
      ],
      "args": [
        {
          "name": "proofHash",
          "type": {
            "array": [
              "u8",
              32
            ]
          }
        }
      ]
    }
  ],
  "accounts": [
    {
      "name": "State",
      "type": {
        "kind": "struct",
        "fields": [
          {
            "name": "lastProof",
            "type": {
              "array": [
                "u8",
                32
              ]
            }
          }
        ]
      }
    }
  ],
  "metadata": {}
}
