{
  "name": "Veintree Hackathon Board",
  "fields": {
    "Status": [
      "Todo",
      "In progress",
      "Review",
      "Done"
    ],
    "Priority": [
      "Must",
      "Should",
      "Could",
      "Post"
    ],
    "Type": [
      "program",
      "sdk",
      "app",
      "security",
      "ci-cd",
      "scripts"
    ]
  },
  "views": [
    {
      "type": "board",
      "groupBy": "Status",
      "name": "Kanban"
    },
    {
      "type": "table",
      "name": "Backlog"
    }
  ]
}
